{
    "accuracy_macro": {
        "mean": 0.5746736526489258,
        "std": 0.17334090173244476
    },
    "accuracy_micro": {
        "mean": 0.5883865356445312,
        "std": 0.18076510727405548
    },
    "auroc_macro": {
        "mean": 0.8107020258903503,
        "std": 0.1077704131603241
    },
    "f1_macro": {
        "mean": 0.5460375547409058,
        "std": 0.1988941878080368
    },
    "f1_micro": {
        "mean": 0.5883865356445312,
        "std": 0.18076510727405548
    },
    "precision_macro": {
        "mean": 0.5790092349052429,
        "std": 0.2070014476776123
    },
    "precision_micro": {
        "mean": 0.5883865356445312,
        "std": 0.18076510727405548
    },
    "recall_macro": {
        "mean": 0.5746736526489258,
        "std": 0.17334090173244476
    },
    "recall_micro": {
        "mean": 0.5883865356445312,
        "std": 0.18076510727405548
    }
}