{
    "accuracy_macro": {
        "mean": 0.4115079343318939,
        "std": 0.14745855331420898
    },
    "accuracy_micro": {
        "mean": 0.39393940567970276,
        "std": 0.13886593282222748
    },
    "auroc_macro": {
        "mean": 0.5836179852485657,
        "std": 0.10867904126644135
    },
    "f1_macro": {
        "mean": 0.3120509684085846,
        "std": 0.12919671833515167
    },
    "f1_micro": {
        "mean": 0.39393940567970276,
        "std": 0.13886593282222748
    },
    "precision_macro": {
        "mean": 0.33730435371398926,
        "std": 0.17700257897377014
    },
    "precision_micro": {
        "mean": 0.39393940567970276,
        "std": 0.13886593282222748
    },
    "recall_macro": {
        "mean": 0.4115079343318939,
        "std": 0.14745855331420898
    },
    "recall_micro": {
        "mean": 0.39393940567970276,
        "std": 0.13886593282222748
    }
}