{
    "accuracy_macro": {
        "mean": 0.30000001192092896,
        "std": 0.273861289024353
    },
    "accuracy_micro": {
        "mean": 0.30000001192092896,
        "std": 0.273861289024353
    },
    "auroc_macro": {
        "mean": 0.22499999403953552,
        "std": 0.1369306445121765
    },
    "f1_macro": {
        "mean": 0.20000000298023224,
        "std": 0.18257419764995575
    },
    "f1_micro": {
        "mean": 0.30000001192092896,
        "std": 0.273861289024353
    },
    "precision_macro": {
        "mean": 0.15000000596046448,
        "std": 0.1369306445121765
    },
    "precision_micro": {
        "mean": 0.30000001192092896,
        "std": 0.273861289024353
    },
    "recall_macro": {
        "mean": 0.30000001192092896,
        "std": 0.273861289024353
    },
    "recall_micro": {
        "mean": 0.30000001192092896,
        "std": 0.273861289024353
    }
}