{
    "accuracy_macro": {
        "mean": 0.21666666865348816,
        "std": 0.1263812631368637
    },
    "accuracy_micro": {
        "mean": 0.16750000417232513,
        "std": 0.10754521191120148
    },
    "auroc_macro": {
        "mean": 0.505001425743103,
        "std": 0.10413915663957596
    },
    "f1_macro": {
        "mean": 0.07252837717533112,
        "std": 0.04231628030538559
    },
    "f1_micro": {
        "mean": 0.16750000417232513,
        "std": 0.10754521191120148
    },
    "precision_macro": {
        "mean": 0.04409722238779068,
        "std": 0.02645961008965969
    },
    "precision_micro": {
        "mean": 0.16750000417232513,
        "std": 0.10754521191120148
    },
    "recall_macro": {
        "mean": 0.21666666865348816,
        "std": 0.1263812631368637
    },
    "recall_micro": {
        "mean": 0.16750000417232513,
        "std": 0.10754521191120148
    }
}