{
    "accuracy_macro": {
        "mean": 0.25,
        "std": 0.0
    },
    "accuracy_micro": {
        "mean": 0.29476189613342285,
        "std": 0.1156221404671669
    },
    "auroc_macro": {
        "mean": 0.509734570980072,
        "std": 0.020485293120145798
    },
    "f1_macro": {
        "mean": 0.11129530519247055,
        "std": 0.03548107296228409
    },
    "f1_micro": {
        "mean": 0.29476189613342285,
        "std": 0.1156221404671669
    },
    "precision_macro": {
        "mean": 0.07369047403335571,
        "std": 0.028905535116791725
    },
    "precision_micro": {
        "mean": 0.29476189613342285,
        "std": 0.1156221404671669
    },
    "recall_macro": {
        "mean": 0.25,
        "std": 0.0
    },
    "recall_micro": {
        "mean": 0.29476189613342285,
        "std": 0.1156221404671669
    }
}