{
    "accuracy_macro": {
        "mean": 0.25,
        "std": 0.0
    },
    "accuracy_micro": {
        "mean": 0.28409090638160706,
        "std": 0.10601197928190231
    },
    "auroc_macro": {
        "mean": 0.4941485524177551,
        "std": 0.08808260411024094
    },
    "f1_macro": {
        "mean": 0.10841891914606094,
        "std": 0.03332507237792015
    },
    "f1_micro": {
        "mean": 0.28409090638160706,
        "std": 0.10601197928190231
    },
    "precision_macro": {
        "mean": 0.07102272659540176,
        "std": 0.02650299482047558
    },
    "precision_micro": {
        "mean": 0.28409090638160706,
        "std": 0.10601197928190231
    },
    "recall_macro": {
        "mean": 0.25,
        "std": 0.0
    },
    "recall_micro": {
        "mean": 0.28409090638160706,
        "std": 0.10601197928190231
    }
}